,ZIPCODE,Median household income (% of state median household income),Area Median Income (State or metropolitan),Housing burden (percent),Energy burden,Energy burden (percentile),Individuals over 64 years old,Physical health not good for >=14 days among adults aged >=18 years,FEMA Risk Index Expected Annual Loss Score,Housing + Transportation Costs % Income for the Regional Typical Household (percentile),Percent individuals age 25 or over with less than high school degree (percentile),Percent of individuals < 200% Federal Poverty Line (percentile),Life expectancy (years),Outages,TOWN,Average Customer Duration ( Hours),Total Duration Hours,# Events Affecting Town/Zipcode,Customers Served,Outages Per Customer,Events/Customer Above Average IND,Duration Above Average
0,6001,1.8262671459894957,77769.0,0.15754730376308362,0.022,0.2524368608338346,0.19647567952325,8.3,18.62351572318365,0.719441159077469,0.14371269850635168,0.12879071765437058,82.85999999999999,,AVON,21,1020814.8,584,8756,0.067,BelowAverage,BelowAverage
1,6002,1.015136449395284,77769.0,0.29878052055471405,0.03454545454545455,0.5701851142933149,0.21533502036144547,11.645454545454548,20.480549173549466,0.3147304761734093,0.4289426789120434,0.2764186992950748,79.81818181818181,,BLOOMFIELD,18,579255.5,577,10708,0.054,BelowAverage,BelowAverage
2,6010,0.9009125936974149,77769.0,0.2917034236358338,0.041250000000000016,0.6927495424513392,0.15296086613803128,12.218749999999998,24.535966425209995,0.2608909181896689,0.4746486709889123,0.40835885803202565,79.37187500000002,,BRISTOL,23,1407252.9,660,29940,0.022,BelowAverage,BelowAverage
3,6013,,,,,,,,,,,,,,BURLINGTON,24,408591.7,248,3921,0.063,BelowAverage,BelowAverage
4,6016,1.183613788180103,77769.0,0.23629873083957698,0.034,0.5573615628536762,0.1837489932248,10.38,13.538464883914845,0.4872762430420621,0.38363204785483795,0.19195700654407194,79.53999999999999,,BROAD BROOK,37,307871.1,163,3042,0.054,BelowAverage,BelowAverage
5,6018,0.9547804803426649,78444.0,0.2718367346938775,0.04,0.698420628689703,0.23967287738100002,12.0,8.43004849717608,0.35611312926511035,0.4243971624767964,0.3964647387855079,74.4,,CANAAN,31,180586.2,159,1768,0.09,BelowAverage,BelowAverage
6,6019,1.1958180357962365,77769.0,0.1680527805527805,0.03000000000000001,0.46332218562965816,0.19324869065483333,8.833333333333332,14.041464300382708,0.6638924871479571,0.17341327293989853,0.15066788834862718,81.9,,CANTON,16,280793.9,393,4982,0.079,BelowAverage,BelowAverage
7,6021,1.2524858497781857,78444.0,0.2102564102564102,0.04,0.698420628689703,0.116927260367,11.0,5.399396822943761,0.6655942290182385,0.2998620270227338,0.09137480349504619,80.9,,COLEBROOK,28,125131.4,150,827,0.181,BelowAverage,BelowAverage
8,6022,1.2366112555878501,77904.0,0.16779856668154533,0.030000000000000013,0.46332218562965816,0.1646058400271867,9.153333333333332,13.07649503639996,0.6492379513077324,0.15807618468409176,0.13473095577572233,81.8625,,COLLINSVILLE,26,2062.5,29,48,0.604,BelowAverage,BelowAverage
9,6023,1.2632451175360768,77769.0,0.23025566213490584,0.03,0.4633221856296583,0.276829721362,10.450000000000001,16.606934112305332,0.4673422789182695,0.4212294572306463,0.1940257924176507,80.4,,EAST BERLIN,11,8568.1,26,604,0.043,BelowAverage,BelowAverage
10,6024,1.0770485951761766,78444.0,0.2718367346938775,0.04,0.698420628689703,0.251060375444,12.0,8.43004849717608,0.39146555527395266,0.3842921850108698,0.32570010602127736,74.4,,EAST CANAAN,20,23933.9,53,226,0.235,BelowAverage,BelowAverage
11,6025,,,,,,,,,,,,,,EAST GLASTONBURY,23,1108.8,4,23,0.174,BelowAverage,BelowAverage
12,6026,1.1648418890272951,77769.0,0.2014404532099534,0.03,0.4633221856296582,0.163539474685,8.928571428571429,12.420177225191159,0.507990817064062,0.17499875188918587,0.07440780849319213,83.14285714285714,,EAST GRANBY,13,95985.4,115,2667,0.043,BelowAverage,BelowAverage
13,6027,,,,,,,,,,,,,,EAST HARTLAND,6,27204.7,71,625,0.114,BelowAverage,BelowAverage
14,6029,1.2653659124517314,77769.0,0.23742957113189098,0.030000000000000006,0.46332218562965816,0.1409940123681,9.399999999999999,14.024913712445437,0.5031844592755296,0.26377924653716295,0.2365111604843078,82.05454545454546,,ELLINGTON,22,422188.8,346,7705,0.045,BelowAverage,BelowAverage
15,6031,0.998919901168639,78444.0,0.23491214667685253,0.04454545454545455,0.7686773472049327,0.2979423301955455,10.409090909090912,6.499170111910225,0.5567882081779184,0.2791206945850145,0.3714612490569424,79.5,,FALLS VILLAGE,21,97130.8,139,796,0.175,BelowAverage,BelowAverage
16,6032,1.221405078782316,77769.0,0.18844772194254308,0.026000000000000002,0.35787952323174643,0.19510204353310004,9.680000000000003,20.291744604568333,0.48710258793050043,0.1773572274693305,0.22707198479143048,82.53999999999998,,FARMINGTON,33,801446.8,439,9864,0.045,BelowAverage,BelowAverage
17,6033,1.8477780327367292,77769.0,0.12206161524500905,0.019999999999999997,0.1997155296348787,0.18160557310910003,8.38,14.72264229699609,0.8440145307087944,0.08567259557124894,0.0680736573684787,83.39,,GLASTONBURY,30,1500291.7,863,14067,0.061,BelowAverage,BelowAverage
18,6035,1.4892692276543478,77769.0,0.15512604202388097,0.030000000000000013,0.46332218562965816,0.17706267662503533,8.999999999999998,12.474094480548649,0.6409477648737397,0.14148357259239422,0.0937403898056133,81.73529411764707,,GRANBY,9,104130.2,202,3596,0.056,BelowAverage,BelowAverage
19,6037,1.341349831138725,77769.0,0.20614393616716895,0.03000000000000001,0.46332218562965816,0.24260111624907693,10.446153846153846,18.01529228116545,0.5483225132840746,0.3471015375677864,0.17621678398375654,80.65454545454544,,KENSINGTON,18,366536.2,352,9290,0.038,BelowAverage,BelowAverage
20,6039,0.8949173932996788,78444.0,0.22058823529411759,0.039999999999999994,0.6984206286897031,0.3202473380607,10.0,7.026129636449207,0.32824429988829756,0.2764050323828024,0.3734773151025481,79.5,,LAKEVILLE,29,187744.8,189,1530,0.124,BelowAverage,BelowAverage
21,6040,0.9467425806945082,77769.0,0.3005818345413819,0.03900000000000002,0.6609574619941474,0.14803158522319754,10.792499999999999,24.10918782825766,0.28925239127782,0.38551868081494833,0.3991322935327021,78.72749999999996,,MANCHESTER,17,687768.0,558,18348,0.03,BelowAverage,BelowAverage
22,6042,,,,,,,,,,,,,,MANCHESTER,14,320497.4,236,10919,0.022,BelowAverage,BelowAverage
23,6043,1.2574903297711926,77769.0,0.1474469098643429,0.03,0.4633221856296582,0.1864109186356286,10.057142857142859,12.057195527632329,0.5759992544228415,0.2865062687581329,0.12006093612087464,82.12857142857142,,BOLTON,15,256150.6,358,2258,0.159,BelowAverage,BelowAverage
24,6050,,,,,,,,,,,,,,NEW BRITAIN,28,1147.2,21,50,0.42,BelowAverage,BelowAverage
25,6051,0.5176071652463953,77769.0,0.4797769809255924,0.06176470588235297,0.9180330400663589,0.11244615757943707,15.188235294117643,27.202950636796096,0.052609285385748966,0.758859317487621,0.7470754095152482,75.27647058823528,,NEW BRITAIN,13,134626.2,155,15532,0.01,BelowAverage,BelowAverage
26,6052,0.978476828866916,77769.0,0.3142547607511112,0.039999999999999994,0.6691356605709615,0.1485004181985091,11.772727272727273,24.36481113594759,0.25888883768836457,0.43052004342187833,0.41425820003124125,76.44545454545454,,NEW BRITAIN,13,128778.2,128,3824,0.033,BelowAverage,BelowAverage
27,6053,0.6462276091406426,77769.0,0.36289349448596275,0.05178571428571432,0.8156041572292325,0.1318572842930714,13.59285714285715,26.747242988107413,0.13016445608403024,0.6858971096347022,0.6317376391202842,76.41481481481485,,NEW BRITAIN,15,290697.7,186,15598,0.012,BelowAverage,BelowAverage
28,6057,1.3672726191083235,78444.0,0.1853842644436149,0.030000000000000002,0.4633221856296582,0.1454994909554222,9.799999999999999,8.248987998761187,0.4739084498595636,0.3402849323523938,0.09038390060809899,82.66666666666669,,NEW HARTFORD,38,449659.1,383,3191,0.12,BelowAverage,BelowAverage
29,6058,1.1730406404568865,78444.0,0.24035440714462208,0.04,0.698420628689703,0.126824227043,11.45,7.856479674355638,0.578066186064412,0.253870278169861,0.1215291741308083,81.14999999999999,,NORFOLK,32,223926.9,246,1119,0.22,BelowAverage,BelowAverage
30,6059,1.4505233943049454,78058.28571428571,0.12413058066553502,0.03,0.4633221856296582,0.1404233891002857,9.285714285714286,9.816128702153808,0.7399940461104607,0.1461855464229144,0.04260403664262472,81.8,,NORTH CANTON,19,3772.7,66,38,1.737,BelowAverage,BelowAverage
31,6060,1.6457472846871655,77769.0,0.11328125,0.03,0.46332218562965827,0.1421954035235833,8.799999999999999,11.210122354604936,0.7662887712414618,0.1095985016618784,0.07394450943833093,80.8,,NORTH GRANBY,17,59442.7,74,908,0.081,BelowAverage,BelowAverage
32,6061,,,,,,,,,,,,,,PINE MEADOW,30,11791.3,17,127,0.134,BelowAverage,BelowAverage
33,6062,0.9689024442064826,77769.0,0.23254797748984082,0.03833333333333332,0.6592375548463624,0.16906647463476665,11.266666666666667,23.147669519802434,0.2674511653665999,0.43003847207030566,0.27236405360777,79.35,,PLAINVILLE,22,368483.1,180,9481,0.019,BelowAverage,BelowAverage
34,6063,1.3767528427923108,78444.0,0.1234042553191489,0.030000000000000002,0.4633221856296582,0.16730240544133332,10.200000000000001,7.059073662203097,0.548902687430186,0.2086062157431403,0.224110853166624,81.8,,BARKHAMSTED,21,171757.8,211,1529,0.138,BelowAverage,BelowAverage
35,6065,1.1236423435826832,78444.0,0.16683033278777956,0.035,0.5808714071596807,0.16889929381049998,10.6,6.229235242573431,0.6225406681497753,0.25185287723582034,0.3471945490439805,81.34999999999998,,RIVERTON,28,44333.1,78,318,0.245,BelowAverage,BelowAverage
36,6066,0.9224948689510988,77769.0,0.25708113209745054,0.03500000000000001,0.5657713454734545,0.20244306813234378,10.968749999999998,20.187995851488296,0.35124445007650207,0.3228917990042345,0.3326396156271707,78.97142857142858,,VERNON,16,766561.6,540,16553,0.033,BelowAverage,BelowAverage
37,6067,1.1412308689729525,77769.0,0.24605329209919694,0.03,0.4633221856296582,0.1921144062360714,9.071428571428571,20.160191724229698,0.35407271522841344,0.34460209903062305,0.19158384298405498,80.78571428571429,,ROCKY HILL,14,301838.9,210,10244,0.02,BelowAverage,BelowAverage
38,6068,0.8634203107585393,78444.0,0.22058823529411759,0.04,0.6984206286897029,0.3192974394655714,10.0,7.026129636449206,0.30143912483187635,0.25863870984892345,0.3904142141629802,79.5,,SALISBURY,25,169802.2,216,1420,0.152,BelowAverage,BelowAverage
39,6069,1.195094589771047,78444.0,0.1902834008097166,0.04,0.698420628689703,0.3554029186761667,12.0,6.81485078180572,0.5997163633177826,0.17008762494345675,0.32523397799144516,81.10000000000001,,SHARON,28,433524.3,459,2168,0.212,BelowAverage,BelowAverage
40,6070,1.7498661465504055,77769.0,0.15279953440925997,0.02444444444444445,0.31687404341033615,0.1894532030541111,8.583333333333332,16.984125465812586,0.7443811098699726,0.15137415739912866,0.1179484171957575,82.12222222222222,,SIMSBURY,21,386716.6,400,7542,0.053,BelowAverage,BelowAverage
41,6071,1.370678445770231,77769.0,0.2222222222222222,0.03,0.4633221856296583,0.175749530570975,9.9,13.478365408839643,0.6077623834868069,0.3213040034856331,0.1198023297261726,81.2,,SOMERS,20,378201.8,363,4120,0.088,BelowAverage,BelowAverage
42,6073,1.830489124584275,77769.0,0.11696763460375073,0.02,0.1997155296348787,0.17948685798588893,8.377777777777778,14.506153289108214,0.8472299141528394,0.09069302676706013,0.05883876235391602,83.17777777777778,,SOUTH GLASTONBURY,23,309868.4,200,2104,0.095,BelowAverage,BelowAverage
43,6074,1.4669281817056026,77769.0,0.1689983994659339,0.025714285714285714,0.3503479044890385,0.17751698806344288,9.771428571428572,16.531012483796136,0.6426925392668402,0.2568975142171168,0.14088132145337934,80.25714285714285,,SOUTH WINDSOR,20,457057.7,368,12266,0.03,BelowAverage,BelowAverage
44,6075,,,,,,,,,,,,,,STAFFORD,15,835.9,43,11,3.909,BelowAverage,BelowAverage
45,6076,0.7541898254381044,77769.0,0.4219354838709677,0.05000000000000001,0.8529854094232082,0.13631018290996666,11.199999999999998,17.97877953002332,0.10818322335176267,0.6383731291575329,0.4168867826807541,75.8,,STAFFORD SPRINGS,14,557657.7,664,6754,0.098,BelowAverage,BelowAverage
46,6078,1.364714530960515,77769.0,0.23404255319148928,0.03,0.4633221856296583,0.18480593960433334,9.2,15.868565757583967,0.4336011689648591,0.3678636427589148,0.08515366992042306,80.5,,SUFFIELD,13,180380.9,151,4829,0.031,BelowAverage,BelowAverage
47,6079,,,,,,,,,,,,,,TACONIC,17,6060.1,16,60,0.267,BelowAverage,BelowAverage
48,6081,0.9057289276426496,77769.0,0.2761904761904762,0.03,0.4633221856296583,0.100326264274,9.2,13.241520634010543,0.3280532792655797,0.3553280716007134,0.4290091580448214,84.6,,TARIFFVILLE,11,13286.4,31,752,0.041,BelowAverage,BelowAverage
49,6082,1.0071824620446634,77769.0,0.22225858797675282,0.03526315789473685,0.57858098067952,0.1617593733901895,11.405263157894737,20.83200088149102,0.3210249406287254,0.3699538999222946,0.3174906726290005,79.19473684210526,,ENFIELD,19,703998.9,367,19577,0.019,BelowAverage,BelowAverage
50,6084,1.4875335695952951,77769.0,0.1330677975846916,0.03000000000000001,0.46332218562965816,0.15287411098635,9.125000000000002,13.109663148375828,0.6644576484907649,0.15731793845376463,0.11063114649215804,81.80000000000001,,TOLLAND,17,698367.8,577,6153,0.094,BelowAverage,BelowAverage
51,6085,1.294461198889836,77769.0,0.177035181012468,0.03,0.4633221856296582,0.1628435384443143,9.114285714285714,20.867139318457898,0.4864310991496934,0.22241529217787878,0.15504991617529543,81.45714285714287,,UNIONVILLE,32,383485.8,137,2964,0.046,BelowAverage,BelowAverage
52,6088,0.948692697975626,77769.0,0.3250517598343685,0.04,0.698420628689703,0.2058835930675,9.9,14.277356854392677,0.3614519679348183,0.43145715802898343,0.14960653310422983,77.8,,EAST WINDSOR,26,113044.7,174,3264,0.053,BelowAverage,BelowAverage
53,6089,1.6951364758845258,77769.0,0.20844306273884675,0.02857142857142857,0.42566409191611826,0.19263801046342857,8.557142857142859,16.454894882825993,0.683893387830196,0.09251548467871029,0.0581145447613476,83.21428571428571,,WEATOGUE,21,57228.2,79,1467,0.054,BelowAverage,BelowAverage
54,6090,2.0362092703074803,77769.0,0.11328125,0.03,0.46332218562965827,0.14796429671632,8.8,11.210122354604938,0.8857677902621723,0.05320038305655524,0.08066208459766752,80.8,,WEST GRANBY,17,55924.8,92,464,0.198,BelowAverage,BelowAverage
55,6091,1.2712508286165929,77769.0,0.1831168831168831,0.03,0.4633221856296583,0.165146423428,10.7,7.351747545562195,0.5794871072813119,0.3489763222032106,0.2458276971447373,83.1,,WEST HARTLAND,27,29121.3,37,182,0.203,BelowAverage,BelowAverage
56,6092,1.9235250624649431,77769.0,0.11020539612109063,0.023333333333333334,0.2875844149664719,0.21517412231833333,8.600000000000001,15.171702020375555,0.8681871657921332,0.1411091393481684,0.10863753518809634,82.69999999999999,,WEST SIMSBURY,25,104994.6,156,1496,0.104,BelowAverage,BelowAverage
57,6093,1.4421625618275458,77769.0,0.182741116751269,0.03,0.46332218562965827,0.12860858793860003,9.5,10.954214510353754,0.811579041236049,0.12223225753745466,0.045802562790187504,82.5,,WEST SUFFIELD,14,53910.8,120,1556,0.077,BelowAverage,BelowAverage
58,6094,,,,,,,,,,,,,,WINCHESTER CENTER,16,31320.1,67,143,0.469,BelowAverage,BelowAverage
59,6095,1.1501538252341375,77769.0,0.2799460303129799,0.03611111111111112,0.6025193640371003,0.17591687116386667,10.861111111111112,20.160253524683185,0.3879373058113449,0.3760479718325343,0.2903152508154701,80.44444444444443,,WINDSOR,20,620706.4,450,13700,0.033,BelowAverage,BelowAverage
60,6096,0.851040232522564,77769.0,0.2541131655066243,0.037142857142857144,0.6312496449582616,0.19617120988178574,11.014285714285716,21.17756682878277,0.2943400502325906,0.420083950851017,0.3762071018587671,79.24285714285715,,WINDSOR LOCKS,24,223460.3,130,6572,0.02,BelowAverage,BelowAverage
61,6098,1.080747717008866,78444.0,0.23435902483567894,0.03565217391304349,0.5962039143157707,0.17337190292677387,11.339130434782607,8.268448049624402,0.4195935001157021,0.36924534582930696,0.2664333973381824,80.97826086956522,,WINSTED,27,672810.2,338,5963,0.057,BelowAverage,BelowAverage
62,6101,,,,,,,,,,,,,,HARTFORD,27,894.7,18,37,0.486,BelowAverage,BelowAverage
63,6103,0.9604099739941869,77769.0,0.24460431654676257,0.02,0.1997155296348787,0.11596545687951998,6.3,39.03362265704176,0.052314306365163835,0.21310244039703533,0.39201687200672686,81.2,,HARTFORD,17,5048.2,30,2208,0.014,BelowAverage,BelowAverage
64,6105,1.0558975005024192,77769.0,0.3221008451550807,0.03882352941176471,0.6122737297045718,0.15865562651778822,11.911764705882353,32.03445767668364,0.29141577782305506,0.5374725582480635,0.4451134244872592,80.45882352941176,,HARTFORD,31,67860.6,90,11043,0.008,BelowAverage,BelowAverage
65,6106,0.5716941303219412,77769.0,0.495109165034313,0.05820512820512824,0.8234209228071199,0.11113726726472052,14.361538461538457,29.232894216360812,0.049573118910788895,0.7782390453982997,0.730206022027303,76.61842105263156,,HARTFORD,17,250380.1,149,18351,0.008,BelowAverage,BelowAverage
66,6107,1.6259871691907604,77769.0,0.17154089040044626,0.022187500000000013,0.25737948563373664,0.18831375386773438,8.250000000000004,25.660020103794135,0.5882554437357439,0.18336194532820782,0.19308532485010785,83.190625,,WEST HARTFORD,37,669810.9,454,8702,0.052,BelowAverage,BelowAverage
67,6108,0.655756851718302,77769.0,0.43115674436724094,0.04571428571428573,0.7867433605374204,0.12643830864834762,13.752380952380953,25.701875735496007,0.12584028289021104,0.6974588031579041,0.6288442505653598,76.64285714285714,,EAST HARTFORD,22,225406.8,211,11377,0.019,BelowAverage,BelowAverage
68,6109,1.1623390155924027,77769.0,0.22937759743476743,0.03173913043478262,0.5042088713792314,0.20887304664469566,10.104347826086958,23.61456868212351,0.4047506814585723,0.38995372419493896,0.24737003253756443,82.20999999999995,,WETHERSFIELD,24,801246.8,341,12680,0.027,BelowAverage,BelowAverage
69,6110,1.1322485500886987,77769.0,0.26835719484242465,0.032631578947368435,0.5064726265023775,0.1349545337814632,9.999999999999998,27.261696826789805,0.36352758497861054,0.41842574648373143,0.3169859411168217,81.78947368421052,,WEST HARTFORD,47,376275.7,158,6365,0.025,BelowAverage,BelowAverage
70,6111,1.0737914945693743,77769.0,0.2094098301790431,0.02900000000000001,0.43696152003018024,0.20343902375910003,10.090000000000005,24.2546488812885,0.3831628400787106,0.45253150912482465,0.23708436917339956,81.24500000000002,,NEWINGTON,20,390332.2,285,14845,0.019,BelowAverage,BelowAverage
71,6112,0.47708586774672124,77769.0,0.4564559422963717,0.07333333333333336,0.9465157842453236,0.12097610723392382,15.723809523809528,25.565282307876405,0.07178739161082659,0.74000717096395,0.7707134283172562,76.09444444444442,,HARTFORD,15,171098.0,139,9971,0.014,BelowAverage,BelowAverage
72,6114,0.5781731858562076,77769.0,0.5085806131936729,0.06333333333333337,0.932462610160045,0.10172527443112506,14.929166666666662,29.04830381251041,0.08488876259426224,0.8252768725822581,0.7137814944390489,76.8695652173913,,HARTFORD,21,147171.9,110,12713,0.009,BelowAverage,BelowAverage
73,6117,2.1040959155575956,77769.0,0.16692304946332842,0.022000000000000002,0.25243686083383454,0.206635087495075,8.459999999999999,24.830726826859845,0.748079937671895,0.17206512415298655,0.1413746892479801,82.11999999999999,,WEST HARTFORD,23,356320.1,294,5845,0.05,BelowAverage,BelowAverage
74,6118,0.8605705981337006,77769.0,0.3501370619561015,0.04480000000000001,0.7726117234417857,0.17878353898433602,12.108000000000002,22.377926987407655,0.28376352867186694,0.5802393649612179,0.41461000621504057,78.41599999999998,,EAST HARTFORD,26,760668.7,308,11831,0.026,BelowAverage,BelowAverage
75,6119,1.2842154913058994,77769.0,0.23663614124093968,0.025714285714285728,0.3503479044890383,0.1673853637527381,8.676190476190477,31.54662393768445,0.35761755914666277,0.283173326607583,0.2854398751421015,83.41428571428573,,WEST HARTFORD,30,279654.2,182,7478,0.024,BelowAverage,BelowAverage
76,6120,0.42399673652541936,77769.0,0.4800046825496936,0.07733333333333332,0.8335134639110088,0.07629245959266,16.506666666666668,26.112772617982095,0.01179259008945583,0.7834924107298196,0.8439113930220938,74.91538461538462,,HARTFORD,24,99932.6,80,5781,0.014,BelowAverage,BelowAverage
77,6226,0.590051501708225,78372.94736842105,0.3981589312689405,0.05736842105263158,0.8634051226131135,0.10425843158067365,13.089473684210526,20.122153189201676,0.14391167155025353,0.6374480541056635,0.7191786670181467,78.0315789473684,,WILLIMANTIC,19,349556.7,246,7574,0.032,BelowAverage,BelowAverage
78,6230,,,,,,,,,,,,,,ABINGTON,24,31729.4,128,104,1.231,BelowAverage,BelowAverage
79,6231,,,,,,,,,,,,,,AMSTON,20,166846.9,222,840,0.264,BelowAverage,BelowAverage
80,6232,1.3482229361072866,77769.0,0.11631799163179908,0.03,0.4633221856296583,0.12252202813933334,10.2,10.78604782638662,0.5580899815080773,0.21394964288902096,0.1002083866486308,85.2,,ANDOVER,24,234042.6,299,1429,0.209,BelowAverage,BelowAverage
81,6233,,,,,,,,,,,,,,BALLOUVILLE,15,15186.1,124,120,1.033,BelowAverage,BelowAverage
82,6234,1.1186629952577636,78444.0,0.2649572649572649,0.04,0.698420628689703,0.1928940286056,11.4,11.792789658743104,0.503657082781861,0.3100947202643271,0.15858086864329318,79.7,,BROOKLYN,17,448797.7,689,3478,0.198,BelowAverage,BelowAverage
83,6235,0.9074983427668146,78444.0,0.1869047619047619,0.04,0.698420628689703,0.14419329571400002,11.2,8.56835563277133,0.5913782583800324,0.41675645500220126,0.33108616970716187,78.3,,CHAPLIN,32,240203.3,253,1136,0.223,BelowAverage,BelowAverage
84,6237,1.373903676508082,77769.0,0.18163116565571066,0.03,0.46332218562965827,0.17950953307905002,9.366666666666665,12.137159708822558,0.5846779871025879,0.1751345312171425,0.18577905836044792,81.16666666666667,,COLUMBIA,22,409329.1,371,2495,0.149,BelowAverage,BelowAverage
85,6238,1.2868566342637016,77769.0,0.17178758171042058,0.030000000000000006,0.46332218562965816,0.14637949251082727,9.336363636363636,12.45834757140501,0.6100621403696507,0.15839083238882629,0.15676774693153148,80.97272727272728,,COVENTRY,21,674712.3,688,5697,0.121,BelowAverage,BelowAverage
86,6239,0.9108341771260542,78444.0,0.2848935168702686,0.04714285714285716,0.8088240434993498,0.16045473086516193,12.376190476190478,13.170983241105963,0.38293701079880005,0.5375116193173406,0.35578625483754706,78.4142857142857,,DANIELSON,13,508048.0,805,5661,0.142,BelowAverage,BelowAverage
87,6241,0.9998996099128041,78444.0,0.2936209439528023,0.045,0.7757030190564558,0.10818941104749999,12.15,12.366164026820252,0.543519672308111,0.5347573332183558,0.37072973028552625,79.35000000000001,,DAYVILLE,17,232252.0,489,2487,0.197,BelowAverage,BelowAverage
88,6242,1.113596960889297,78444.0,0.21245691718237772,0.04,0.698420628689703,0.1770145049395,10.0,9.571502243771091,0.5943510461547127,0.28627577348831085,0.11755223375863705,83.05,,EASTFORD,20,212918.4,312,929,0.336,BelowAverage,BelowAverage
89,6243,,,,,,,,,,,,,,EAST KILLINGLY,13,91306.6,271,553,0.49,BelowAverage,BelowAverage
90,6245,,,,,,,,,,,,,,FABYAN,19,2312.7,24,18,1.333,BelowAverage,BelowAverage
91,6246,,,,,,,,,,,,,,GROSVENOR DALE,10,10697.9,56,189,0.296,BelowAverage,BelowAverage
92,6247,1.0809462801488958,78444.0,0.21379279472854884,0.04,0.698420628689703,0.13558562214199998,10.95,8.129680900013277,0.6514994180207072,0.2855473306313625,0.19808441944210872,81.125,,HAMPTON,23,232655.3,314,899,0.349,BelowAverage,BelowAverage
93,6248,,,,,,,,,,,,,,HEBRON,20,631885.5,461,3157,0.146,BelowAverage,BelowAverage
94,6249,1.1388251491509866,73490.0,0.1731843575418994,0.03,0.46332218562965827,0.15436950958968,10.1,10.779253305662966,0.6461758328405283,0.167444277525382,0.3283277885423902,79.8,,LEBANON,22,533654.2,540,2232,0.242,BelowAverage,BelowAverage
95,6250,0.9680245051975204,77913.64285714286,0.22818922463351532,0.03214285714285715,0.5137004234282393,0.1670791874583571,10.707142857142856,11.520361824955097,0.5053680549688829,0.25477345654078143,0.4216656830538307,81.59285714285713,,MANSFIELD CENTER,20,440729.2,417,2888,0.144,BelowAverage,BelowAverage
96,6251,,,,,,,,,,,,,,MANSFIELD DEPOT,20,2376.6,24,47,0.511,BelowAverage,BelowAverage
97,6254,1.1672339503339964,73490.0,0.1689944134078212,0.03,0.4633221856296583,0.188175408303,11.5,9.046948412854134,0.5791491838209757,0.34455460598276244,0.25371874200270533,78.8,,NORTH FRANKLIN,23,214628.6,242,1035,0.234,BelowAverage,BelowAverage
98,6255,0.9631734972487611,78444.0,0.22106486863520106,0.039999999999999994,0.6984206286897031,0.1360224270809091,11.19090909090909,10.957662631174248,0.42403143541523197,0.5754583042279393,0.2662932934064071,81.33636363636366,,NORTH GROSVENORDALE,15,226197.3,273,1762,0.155,BelowAverage,BelowAverage
99,6256,0.8768092021395079,78444.0,0.2248224595122359,0.04315789473684212,0.7472305594476524,0.15119963555732632,11.978947368421057,9.590597137267844,0.5224008918412727,0.4137187563226665,0.35659251270427383,79.20526315789472,,NORTH WINDHAM,19,102973.5,124,1092,0.114,BelowAverage,BelowAverage
100,6258,,,,,,,,,,,,,,POMFRET,20,126527.5,422,746,0.566,BelowAverage,BelowAverage
101,6259,1.228616026153123,78444.0,0.2025768927860233,0.03555555555555556,0.5939324317741276,0.1441950042667111,10.077777777777776,9.41610095290391,0.6276547590365844,0.21981374656643454,0.19814808044618304,83.14,,POMFRET CENTER,21,209211.6,454,1078,0.421,BelowAverage,BelowAverage
102,6260,0.793520334135295,78444.0,0.3064943235437101,0.04818181818181817,0.8248827220171165,0.1631619356545182,12.209090909090907,19.66523334877812,0.2586791288742797,0.39002287034129746,0.49927899715171675,76.70909090909089,,PUTNAM,23,423065.1,461,5218,0.088,BelowAverage,BelowAverage
103,6262,0.9490846973637245,78444.0,0.258312020460358,0.04,0.698420628689703,0.107443365696,11.300000000000002,11.238201605741947,0.5490833826138379,0.581596946440161,0.2101734727452199,82.1,,QUINEBAUG,19,48213.7,39,279,0.14,BelowAverage,BelowAverage
104,6263,,,,,,,,,,,,,,ROGERS,6,6442.1,51,241,0.212,BelowAverage,BelowAverage
105,6264,1.0969991331395643,78444.0,0.2119658119658119,0.04,0.698420628689703,0.12063867533999999,10.799999999999999,8.197103836973083,0.6655942290182385,0.2887175320991408,0.186704840419698,80.3,,SCOTLAND,22,219012.2,320,693,0.462,BelowAverage,BelowAverage
106,6266,0.780480342664831,78444.0,0.2711267605633803,0.05,0.8529854094232083,0.13362701909,14.0,12.390353374021045,0.241265617226587,0.6572347310661589,0.1710004387087339,77.4,,SOUTH WINDHAM,24,42566.9,81,310,0.261,BelowAverage,BelowAverage
107,6267,,,,,,,,,,,,,,SOUTH WOODSTOCK,19,10628.7,111,72,1.542,BelowAverage,BelowAverage
108,6268,0.8343171749348358,77769.0,0.35040886659828263,0.03235294117647059,0.5186394663496688,0.15331990874506002,10.076470588235297,15.666837017133632,0.36037521651672694,0.3297615561045167,0.6034745086569705,82.49090909090908,,STORRS MANSFIELD,29,479858.8,489,4560,0.107,BelowAverage,BelowAverage
109,6277,1.1352458087581236,78444.0,0.2140280494124333,0.042222222222222223,0.7327683577415931,0.17766331026277776,11.344444444444443,13.128152183172842,0.41384490147549485,0.45787966396318297,0.21991874748656448,79.45555555555555,,THOMPSON,17,437031.6,553,2463,0.225,BelowAverage,BelowAverage
110,6278,1.007229679771557,78444.0,0.26446385183147664,0.04,0.698420628689703,0.1579521175167625,10.549999999999999,8.77758330940428,0.5941726976617574,0.30381938928803226,0.2844463472928015,80.125,,ASHFORD,21,490057.4,455,2204,0.206,BelowAverage,BelowAverage
111,6279,1.1681345017737859,77769.0,0.24671860363281614,0.037142857142857144,0.6312496449582616,0.12615997419150002,10.1,11.425382842061385,0.496314689881472,0.2950138459254207,0.35385188879778134,80.82857142857144,,WILLINGTON,20,395005.7,379,2968,0.128,BelowAverage,BelowAverage
112,6280,0.8673987911023247,78444.0,0.24382170736450265,0.045384615384615384,0.7816478183154368,0.14654098189416917,12.523076923076927,10.455007433845063,0.4805916043349515,0.43916446050715546,0.4214549662672355,78.73846153846151,,WINDHAM,23,229508.5,375,1641,0.229,BelowAverage,BelowAverage
113,6281,1.0866740454786779,78444.0,0.22723812377490724,0.03882352941176471,0.670761988329698,0.15625850332955296,10.311764705882352,11.045956219586488,0.567812183024205,0.33360747275314,0.1797790488622605,82.4,,WOODSTOCK,20,747472.3,738,3574,0.206,BelowAverage,BelowAverage
114,6282,1.1543445005354136,78444.0,0.2146263910969793,0.04,0.698420628689703,0.16166409369600002,9.7,11.230957741238344,0.6533093032205984,0.3440006717105472,0.19546759039227873,82.6,,WOODSTOCK VALLEY,17,129173.9,233,541,0.431,BelowAverage,BelowAverage
115,6320,0.7660683629935581,73490.0,0.4725417626139105,0.048000000000000015,0.7909795364866383,0.12772057527352668,14.94,24.498761121608954,0.1852774883525918,0.5919125444970417,0.5938279164991042,74.98666666666666,,NEW LONDON,33,611121.1,277,14081,0.02,BelowAverage,BelowAverage
116,6330,1.0828935291418078,75967.0,0.19765428874087612,0.03666666666666666,0.6200544810030215,0.13633878500865831,11.133333333333333,9.486039794595891,0.5837803779110698,0.3614375740356642,0.19427789761025602,80.59999999999998,,BALTIC,18,180180.1,179,1266,0.141,BelowAverage,BelowAverage
117,6331,1.132225961620179,78444.0,0.22053653619918678,0.04,0.698420628689703,0.1349507377293333,10.933333333333334,8.607086702604821,0.6454739637274627,0.29989480569057847,0.16007232600933474,80.3,,CANTERBURY,17,479404.0,668,2302,0.29,BelowAverage,BelowAverage
118,6332,,,,,,,,,,,,,,CENTRAL VILLAGE,19,42023.5,92,612,0.15,BelowAverage,BelowAverage
119,6333,1.6398131150884707,73490.0,0.15618351063829783,0.03,0.4633221856296583,0.16682973172499999,10.075,12.65708772623695,0.7796035031398723,0.209775657754399,0.1762752257522026,81.325,,EAST LYME,24,420993.1,309,3484,0.089,BelowAverage,BelowAverage
120,6335,1.0936945818389905,73490.0,0.14559559559559554,0.03444444444444445,0.5678103825452336,0.14330341227743332,10.244444444444447,12.636590439631034,0.5502150090165072,0.23686193171245337,0.2843114405488733,82.04444444444445,,GALES FERRY,29,492587.4,375,2960,0.127,BelowAverage,BelowAverage
121,6338,,,,,,,,,,,,,,MASHANTUCKET,20,3047.7,15,44,0.341,BelowAverage,BelowAverage
122,6339,0.984356307096096,73490.0,0.15005405031730476,0.038461538461538464,0.6622516374496962,0.15751902003623078,10.792307692307693,10.969837628551206,0.5347463660591987,0.2073030018548846,0.33723044722980744,80.64615384615385,,LEDYARD,26,722287.1,511,3825,0.134,BelowAverage,BelowAverage
123,6340,1.0973497016980267,73490.0,0.27717030757818356,0.03187500000000001,0.5074031437034165,0.19162512312882501,10.40625,17.952424434054503,0.45096032450038953,0.26034045626392777,0.3205859789145614,78.65,,GROTON,36,172532.0,92,1226,0.075,BelowAverage,BelowAverage
124,6350,,,,,,,,,,,,,,HANOVER,18,29502.9,41,132,0.311,BelowAverage,BelowAverage
125,6351,1.0358442290791183,73490.0,0.24163983405664377,0.04000000000000001,0.6747342574171916,0.15239937111555885,12.423529411764704,12.053614924554795,0.48984586935503555,0.4986189353494616,0.2710218633938422,79.04117647058824,,JEWETT CITY,18,606725.3,755,5384,0.14,BelowAverage,BelowAverage
126,6353,,,,,,,,,,,,,,MONTVILLE,16,18236.8,101,133,0.759,BelowAverage,BelowAverage
127,6354,1.028133870446858,78444.0,0.2518166880883071,0.04733333333333334,0.8117681345609404,0.1622447324056533,12.546666666666665,10.788027987878111,0.464462811210298,0.6884663970747307,0.3227796463520149,80.59333333333332,,MOOSUP,21,316107.7,351,2497,0.141,BelowAverage,BelowAverage
128,6355,1.3135779983172708,73490.0,0.19269305352170593,0.030000000000000013,0.46332218562965816,0.26621929398831246,10.474999999999998,13.601115148328793,0.6988166225488814,0.2430352579958517,0.179632661408255,81.02857142857144,,MYSTIC,25,638373.8,419,7126,0.059,BelowAverage,BelowAverage
129,6357,0.6813331803579623,73490.0,0.1875,0.03,0.4633221856296583,0.177429067904,10.6,13.892797277214708,0.4387431593966189,0.47162930654963164,0.4124627554564399,81.1,,NIANTIC,32,1344508.2,379,6784,0.056,BelowAverage,BelowAverage
130,6359,0.9630086431084597,73490.0,0.2281407035175879,0.04,0.698420628689703,0.1505710179075,11.5,9.065253200888309,0.6139987140134981,0.238848129876142,0.4273954182356597,79.9,,NORTH STONINGTON,19,546481.4,646,2640,0.245,BelowAverage,BelowAverage
131,6365,1.156736015501504,73490.0,0.2634831460674157,0.04,0.698420628689703,0.175077885623,12.4,9.658823469019731,0.6092149850281133,0.3500882754739417,0.14127677951230208,79.0,,PRESTON,23,481815.1,590,2252,0.262,BelowAverage,BelowAverage
132,6370,1.179648712920856,73490.0,0.27579304081193873,0.023636363636363636,0.29557249545116215,0.16303593943352726,11.945454545454545,12.007553142700367,0.538995220051794,0.2558169184412189,0.2997479501999115,82.51818181818183,,OAKDALE,15,571379.9,363,2894,0.125,BelowAverage,BelowAverage
133,6371,1.2059639534398598,73490.0,0.23452298090005225,0.03454545454545454,0.5701851142933151,0.3046425698759091,10.281818181818181,12.129288425350381,0.6635137810477846,0.22903844305086968,0.16404964720505968,82.24999999999999,,OLD LYME,23,1668264.7,974,6694,0.146,BelowAverage,BelowAverage
134,6372,,,,,,,,,,,,,,OLD MYSTIC,27,10024.9,32,120,0.267,BelowAverage,BelowAverage
135,6373,1.1126791086635053,78444.0,0.2501960784313725,0.04,0.698420628689703,0.0958230958231,11.2,8.573909337696955,0.5794871072813119,0.7686547180858064,0.326061126750265,81.6,,ONECO,30,23161.5,66,140,0.471,BelowAverage,BelowAverage
136,6374,1.0086980226952689,78444.0,0.2109495678032065,0.05,0.8529854094232084,0.17849046558587695,12.476923076923075,11.538973352723936,0.4374330741864745,0.5944105931965219,0.23580436262089088,78.51538461538462,,PLAINFIELD,16,234667.6,421,3703,0.114,BelowAverage,BelowAverage
137,6375,1.3898635274266296,73490.0,0.2095725749875947,0.02727272727272728,0.39142946126744554,0.19419733639300005,11.000000000000002,12.84744068542373,0.6588491999491407,0.3897082638964245,0.11812855827680523,81.17272727272729,,QUAKER HILL,17,203510.2,188,1644,0.114,BelowAverage,BelowAverage
138,6377,1.0859568609453878,78444.0,0.2501960784313725,0.04,0.698420628689703,0.09326225024338,11.2,8.573909337696955,0.6118836416884909,0.6834958903114831,0.3037930025956933,81.6,,STERLING,27,328724.5,372,1539,0.242,BelowAverage,BelowAverage
139,6378,1.240524798234757,73490.0,0.18724124024819375,0.030000000000000006,0.46332218562965816,0.25886779958909095,10.818181818181818,11.703866039014258,0.6692405596899978,0.29055792822682025,0.21592176194733498,81.35454545454547,,STONINGTON,32,668012.8,462,3675,0.126,BelowAverage,BelowAverage
140,6379,1.1265259293253786,73490.0,0.19048157724628306,0.03,0.46332218562965827,0.22386880655960004,10.879999999999999,10.716283582194205,0.5612448724808276,0.27565276195576693,0.27360984169926506,79.7,,PAWCATUCK,33,657452.3,216,4607,0.047,BelowAverage,BelowAverage
141,6382,1.1553541379837846,73490.0,0.3048773448773448,0.022,0.2524368608338346,0.18014548015988002,11.900000000000002,12.433107763006221,0.5536732162804014,0.2893061865449115,0.2904101012685994,83.36000000000001,,UNCASVILLE,13,475315.4,379,5069,0.075,BelowAverage,BelowAverage
142,6383,,,,,,,,,,,,,,VERSAILLES,14,9902.7,23,64,0.359,BelowAverage,BelowAverage
143,6384,1.0948690669893055,75291.45454545454,0.22222560635323801,0.039999999999999994,0.6984206286897031,0.13543916243485452,11.736363636363636,9.124625773274408,0.6056734020956376,0.5478212111172222,0.2893670463269776,81.42727272727274,,VOLUNTOWN,21,326626.9,414,1321,0.313,BelowAverage,BelowAverage
144,6385,1.1685818006377895,73490.0,0.19810941423176115,0.03307692307692309,0.535660168109672,0.23494816088561535,11.492307692307694,15.525378868784431,0.5832297179133371,0.3323401396976395,0.2222885831676458,79.6,,WATERFORD,24,930428.5,534,8268,0.065,BelowAverage,BelowAverage
145,6387,,,,,,,,,,,,,,WAUREGAN,14,38188.9,58,462,0.126,BelowAverage,BelowAverage
146,6403,1.1015565243995717,69905.0,0.1488469601677149,0.03,0.4633221856296583,0.11977439074115,10.2,11.846179660735825,0.6866287910788207,0.3847278891496053,0.21983134848097097,,,BEACON FALLS,26,250917.0,244,2853,0.086,BelowAverage,BelowAverage
147,6405,1.0587367479290384,69905.0,0.268202529538439,0.03363636363636365,0.5488125285605838,0.21782455688500002,10.71818181818182,15.606405544473391,0.6106690799180451,0.32283314553219644,0.2964175443610971,80.20555555555558,,BRANFORD,27,2938028.9,903,16600,0.054,BelowAverage,BelowAverage
148,6409,0.9322781219723624,77769.0,0.20207253886010362,0.03,0.4633221856296582,0.28610050954025,10.6,16.32729294546885,0.4148227544516723,0.27735036285985304,0.35692897031404236,82.10000000000001,,CENTERBROOK,17,76017.7,75,479,0.157,BelowAverage,BelowAverage
149,6410,1.4899938417607075,69905.0,0.1389590033441085,0.03000000000000001,0.46332218562965816,0.17884538502086153,9.384615384615385,13.091329041329029,0.818251693769139,0.2737056392614116,0.11191097727994959,81.26153846153845,,CHESHIRE,18,1170816.3,874,11527,0.076,BelowAverage,BelowAverage
150,6412,1.0912243128856254,77769.0,0.2493224932249322,0.04,0.698420628689703,0.2448434551573333,10.800000000000002,12.269101666106119,0.6081894811936208,0.2354466496923595,0.26406381384126054,82.4,,CHESTER,28,491855.0,374,1977,0.189,BelowAverage,BelowAverage
151,6413,0.9737742848401406,77769.0,0.308727356864928,0.03583333333333335,0.6004629440813509,0.19992197861033337,11.191666666666668,15.905492593249102,0.4535535154991099,0.3521461454555907,0.30999075360411404,80.58888888888889,,CLINTON,24,1626961.7,716,7161,0.1,BelowAverage,BelowAverage
152,6414,,,,,,,,,,,,,,COBALT,19,20122.0,70,163,0.429,BelowAverage,BelowAverage
153,6415,1.1118122482280353,73490.0,0.2460965200685929,0.036,0.6043812514656851,0.1749913068108,10.979999999999999,14.806744624190653,0.440694432710991,0.2521660395855364,0.28763435454977515,80.16,,COLCHESTER,24,1121874.2,726,7272,0.1,BelowAverage,BelowAverage
154,6416,1.1649456937433074,77769.0,0.1681020900063435,0.030000000000000002,0.4633221856296582,0.19355449850444445,10.133333333333333,19.485551132677738,0.5360050146172756,0.33422541738590617,0.25828316617718144,81.23333333333333,,CROMWELL,11,215518.3,242,7165,0.034,BelowAverage,BelowAverage
155,6417,1.1396123349140788,77769.0,0.2838196286472148,0.04,0.698420628689703,0.19010167720374999,10.4,13.019805741911837,0.5480965991758422,0.19881270622194583,0.1476877536284868,77.9,,DEEP RIVER,27,657058.8,415,2476,0.168,BelowAverage,BelowAverage
156,6419,1.4578195910458416,77769.0,0.2056451612903226,0.03,0.46332218562965827,0.27280491155479997,10.0,10.89674011991348,0.8439200372967375,0.127611842075404,0.19029265528461226,84.5,,KILLINGWORTH,23,715953.4,714,2882,0.248,BelowAverage,BelowAverage
157,6420,1.4400676491084934,73490.0,0.1909385113268608,0.03,0.4633221856296583,0.1555086651783333,9.3,9.651638615411931,0.6806310407729687,0.19143221094131757,0.10789873749375446,83.7,,SALEM,23,496430.2,418,1992,0.21,BelowAverage,BelowAverage
158,6422,1.4864457447350978,77769.0,0.0889748549323017,0.03,0.4633221856296583,0.157989056193925,9.5,13.122499324205911,0.780108628312354,0.12265865757739418,0.07485582020253716,81.1,,DURHAM,21,600645.4,430,3137,0.137,BelowAverage,BelowAverage
159,6423,,,,,,,,,,,,,,EAST HADDAM,26,893074.7,927,3315,0.28,BelowAverage,BelowAverage
160,6424,1.245272636105587,77769.0,0.16937285030203866,0.03833333333333334,0.6592375548463623,0.1635641346888833,10.016666666666667,13.350533843614038,0.6773233802358579,0.28482607386698006,0.37007785556733563,84.14999999999999,,EAST HAMPTON,18,812812.9,767,6180,0.124,BelowAverage,BelowAverage
161,6426,1.0666091850121222,77769.0,0.20207253886010362,0.030000000000000006,0.46332218562965816,0.3087264541220909,10.599999999999998,16.32729294546885,0.5095860181608259,0.23441315892514758,0.33412759278523546,82.10000000000001,,ESSEX,30,447455.4,289,2338,0.124,BelowAverage,BelowAverage
162,6437,1.4555261602881935,69905.0,0.19077661029177329,0.030000000000000013,0.46332218562965816,0.2322530185087647,9.976470588235292,10.958999646844108,0.8629191672726649,0.22278991611894405,0.1358432562510618,83.14117647058822,,GUILFORD,29,2334734.6,1348,11080,0.122,BelowAverage,BelowAverage
163,6438,1.3191597402818145,77769.0,0.1404056162246489,0.03,0.46332218562965827,0.19265756742716666,10.1,11.278953929900025,0.6754217785412345,0.10264122941184474,0.2294888433931683,83.39999999999999,,HADDAM,20,223059.9,497,1347,0.369,BelowAverage,BelowAverage
164,6439,,,,,,,,,,,,,,HADLYME,20,38449.7,79,145,0.545,BelowAverage,BelowAverage
165,6441,1.4198001121819384,77769.0,0.1404056162246489,0.03,0.46332218562965827,0.187862232587,10.1,11.278953929900023,0.6886462410708419,0.08645141671923853,0.20218851679888855,83.4,,HIGGANUM,20,486352.9,473,2395,0.197,BelowAverage,BelowAverage
166,6442,0.9284011524144612,77769.0,0.2020725388601036,0.03,0.46332218562965827,0.30138845059,10.6,16.32729294546885,0.4228337698178029,0.17302787144912468,0.3043564691258729,82.10000000000001,,IVORYTON,20,279490.3,168,1210,0.139,BelowAverage,BelowAverage
167,6443,1.4854026194090442,69905.0,0.19197177324062936,0.03384615384615386,0.5537446637296755,0.25452075317423073,9.638461538461538,10.869943101578194,0.9301202444313029,0.11321569554335409,0.10919418204725116,82.5230769230769,,MADISON,27,1974084.5,1165,9230,0.126,BelowAverage,BelowAverage
168,6444,,,,,,,,,,,,,,MARION,20,25030.7,41,247,0.166,BelowAverage,BelowAverage
169,6447,1.4102773953393501,77769.0,0.1304347826086956,0.03,0.46332218562965827,0.153630746526,9.8,11.03641608638576,0.7304248448837449,0.1865390114054635,0.1680976492523672,77.9,,MARLBOROUGH,21,659524.8,459,2658,0.173,BelowAverage,BelowAverage
170,6450,0.8112894944603575,69905.0,0.31890430889804783,0.0413793103448276,0.6979101219907091,0.17182473233213794,12.448275862068968,19.178118554121028,0.3152490874610005,0.5386616214297576,0.4265741197145368,78.70740740740739,,MERIDEN,22,619131.1,396,16864,0.023,BelowAverage,BelowAverage
171,6451,0.7809873633072347,69905.0,0.3135096332761432,0.04090909090909092,0.6978294883333783,0.1745643283502318,13.027272727272731,18.784208999466806,0.33364213649547764,0.5511032268099979,0.465905144192261,77.35454545454546,,MERIDEN,23,580081.0,316,11132,0.028,BelowAverage,BelowAverage
172,6455,1.2900358399440548,77769.0,0.16713881019830026,0.03,0.4633221856296582,0.19891838672542855,11.0,13.695970803028656,0.6788580600779638,0.2670467623357113,0.15512074935629935,82.2,,MIDDLEFIELD,25,309849.8,197,1990,0.099,BelowAverage,BelowAverage
173,6456,,,,,,,,,,,,,,MIDDLE HADDAM,17,34735.2,115,186,0.618,BelowAverage,BelowAverage
174,6457,0.6651165162408852,77769.0,0.32616593248465287,0.042,0.6629731401517857,0.12083196173396134,11.606666666666666,26.206056365073337,0.15523906520358322,0.4413377327348452,0.5536132538783072,77.64615384615385,,MIDDLETOWN,21,1105668.2,846,23151,0.037,BelowAverage,BelowAverage
175,6467,,,,,,,,,,,,,,MILLDALE,25,16207.6,31,295,0.105,BelowAverage,BelowAverage
176,6468,1.4557391260007138,95645.0,0.16050570322060645,0.03,0.46332218562965827,0.1765795523218,9.819999999999999,18.945580675498608,0.6289009039452564,0.32905601975192095,0.14305971922641023,81.03999999999999,,MONROE,31,1970231.2,929,7976,0.116,BelowAverage,BelowAverage
177,6469,,,,,,,,,,,,,,MOODUS,26,396047.1,375,1627,0.23,BelowAverage,BelowAverage
178,6470,1.7523108552250362,95645.0,0.1728901266908431,0.030000000000000006,0.46332218562965816,0.1557317367721273,9.254545454545458,16.269606847867905,0.7394290117530804,0.20918007165187566,0.10938948860520531,83.39090909090908,,NEWTOWN,37,1948576.3,1631,7232,0.226,BelowAverage,BelowAverage
179,6471,1.1571768820219945,69905.0,0.2067472213461851,0.03000000000000001,0.46332218562965816,0.21678556929744164,10.433333333333332,12.235748364213954,0.7471151349034258,0.3621336794760657,0.21353804884290564,81.32000000000001,14721.0,NORTH BRANFORD,37,19814.3,56,48,1.167,BelowAverage,BelowAverage
180,6474,,,,,,,,,,,,,,NORTH WESTCHESTER,17,11453.5,64,120,0.533,BelowAverage,BelowAverage
181,6475,1.1722104303707104,77769.0,0.259014645902855,0.04,0.698420628689703,0.245737309445975,10.900000000000002,15.66142857180991,0.6755843846507654,0.31167284292411934,0.25255256507512885,80.25,,OLD SAYBROOK,27,788778.6,557,7154,0.078,BelowAverage,BelowAverage
182,6478,1.2965130114051637,69905.0,0.16855925175850917,0.03333333333333333,0.5416883333163399,0.13927643940143333,10.433333333333332,11.51879267917691,0.7529110698093548,0.19850219138001715,0.12582791040592742,81.63333333333333,,OXFORD,39,1286934.5,1126,5775,0.195,BelowAverage,BelowAverage
183,6479,0.9925382013495828,77769.0,0.17658059253068656,0.031111111111111114,0.48944423485855215,0.17349117816277776,10.377777777777778,21.566630063233653,0.3678500245620293,0.3365832121783341,0.2810208711618063,80.71111111111112,,PLANTSVILLE,30,363848.7,172,4380,0.039,BelowAverage,BelowAverage
184,6480,1.1333067042872764,77769.0,0.231543724486671,0.03666666666666666,0.6200544810030215,0.1963959378667,11.02222222222222,15.766641459108785,0.5445503584178923,0.38582534416340514,0.3499506960439034,81.13333333333333,,PORTLAND,15,419854.2,440,4677,0.094,BelowAverage,BelowAverage
185,6481,1.3369664983937586,77769.0,0.16713881019830026,0.03,0.46332218562965827,0.20880542835266666,11.0,13.695970803028656,0.66842277353809,0.2909240407322855,0.11010446751727411,82.2,,ROCKFALL,36,30823.8,24,242,0.099,BelowAverage,BelowAverage
186,6482,1.6538719766117655,95645.0,0.23149905123339662,0.03,0.4633221856296583,0.18113880076433334,9.3,16.02600475911117,0.7509738766391635,0.1717460994645983,0.04185555514934373,84.8,,SANDY HOOK,34,1114739.5,809,4274,0.189,BelowAverage,BelowAverage
187,6483,0.9693220641476723,69905.0,0.2194719471947194,0.04,0.698420628689703,0.10344663460015001,11.0,13.716700700702429,0.569181028413731,0.19236621386719188,0.26687657660951264,80.7,,SEYMOUR,28,1292750.8,432,7669,0.056,BelowAverage,BelowAverage
188,6488,1.5829062770893887,69905.0,0.1997621878715814,0.03,0.4633221856296583,0.1793095904515,14.1,9.645799500744896,0.8072921066711723,0.6277679693917843,0.26605742514532227,81.6,,SOUTHBURY,35,1591613.0,1386,10037,0.138,BelowAverage,BelowAverage
189,6489,1.0300143343588348,77769.0,0.17743861736803246,0.032222222222222235,0.515566284087446,0.2140099607441667,10.444444444444445,20.628257130592647,0.42944713531644335,0.3546171527238821,0.2713718178383846,80.65,,SOUTHINGTON,22,673413.0,520,15428,0.034,BelowAverage,BelowAverage
190,6498,1.0237858490497316,77769.0,0.27654969540011204,0.04,0.6984206286897029,0.232996586284,10.900000000000002,14.380348101092613,0.4110446662402394,0.47656404494236326,0.31255614427250084,81.74285714285713,,WESTBROOK,26,688539.2,461,4665,0.099,BelowAverage,BelowAverage
191,6524,1.6372475906379074,69905.0,0.1584810126582278,0.03,0.4633221856296583,0.17152666177624998,10.3,9.225986083647523,0.9145980588174556,0.2807857878756246,0.13280478832303586,82.6,,BETHANY,28,703899.0,913,2396,0.381,BelowAverage,BelowAverage
192,6525,2.0534448596633084,69905.0,0.1982870071105365,0.03,0.4633221856296582,0.22720130297100002,9.157142857142858,11.020067384619708,0.9659562228202933,0.19650483586208142,0.09671503778640102,81.27142857142857,25610.0,WOODBRIDGE,26,10914.0,45,29,1.552,BelowAverage,BelowAverage
193,6702,0.2792557429503849,69905.0,0.5598484947851426,0.08187500000000002,0.9820310189952792,0.15856212356218746,23.093750000000004,23.08755591681806,0.07172454779270271,0.9608751299169893,0.9477902332468106,72.98749999999998,,WATERBURY,9,15691.5,69,2271,0.03,BelowAverage,BelowAverage
194,6704,0.4960885047507351,69905.0,0.5197429603868531,0.07055555555555558,0.9426854098763671,0.10411871693432775,17.28333333333334,19.200671718129982,0.1987269594085088,0.8273820510066328,0.8058826195176643,75.76111111111113,,WATERBURY,23,417136.9,284,11954,0.024,BelowAverage,BelowAverage
195,6705,0.6743393376166438,69905.0,0.41718519865406417,0.0579166666666667,0.8875347940903578,0.14119926959991666,15.166666666666663,21.14642430959678,0.25956804464344374,0.7069489704220432,0.6062869970082502,76.75909090909093,,WATERBURY,17,301416.2,221,12287,0.018,BelowAverage,BelowAverage
196,6706,0.6202303929067421,69905.0,0.4407267446735007,0.05882352941176473,0.8768526110037194,0.14514380985336467,16.91176470588235,20.276386288441334,0.2513995939396851,0.6745103200743473,0.6604434721645762,77.60714285714285,,WATERBURY,17,118441.0,135,6566,0.021,BelowAverage,BelowAverage
197,6708,0.7781506552445053,69905.0,0.40829402672391524,0.05500000000000003,0.8535370896627871,0.13330319690193929,13.967857142857145,18.726056890689723,0.3215248695575214,0.5949146130110851,0.5936364873792899,78.71785714285716,,WATERBURY,22,618684.4,325,14291,0.023,BelowAverage,BelowAverage
198,6710,0.5410993829993371,69905.0,0.5013364508716772,0.06450000000000003,0.9272608511679602,0.13390021374667,17.885000000000005,21.560476099755927,0.21757929467864412,0.8078126063730806,0.7749227689832923,75.48,,WATERBURY,23,169108.7,104,4646,0.022,BelowAverage,BelowAverage
199,6712,1.339931671000969,69905.0,0.13940169402030209,0.03,0.46332218562965827,0.2109164684728,10.5,11.931574605374369,0.8216834220382416,0.3407310752361198,0.16818356304610094,81.17999999999999,,PROSPECT,18,405295.5,365,4250,0.086,BelowAverage,BelowAverage
200,6716,1.1992070776604966,69905.0,0.19566159286395876,0.039999999999999994,0.6984206286897031,0.17414804264812003,11.21,12.8188697926057,0.7100491553477952,0.3525667966214775,0.20014440829159502,79.36999999999999,,WOLCOTT,25,368359.8,290,7034,0.041,BelowAverage,BelowAverage
201,6750,1.304979773256506,78444.0,0.21534829078774353,0.039999999999999994,0.6984206286897031,0.1848186350716667,10.433333333333335,7.173831601436238,0.5843036899364514,0.19386300130559944,0.29052952753506617,79.9,,BANTAM,37,55011.0,85,873,0.097,BelowAverage,BelowAverage
202,6751,1.2942764548241068,78444.0,0.22638346268428552,0.04,0.698420628689703,0.14648286083166667,10.4,8.063495356014572,0.6917684348198836,0.2289811835317955,0.2987642021797324,79.9888888888889,,BETHLEHEM,21,196110.9,310,1933,0.16,BelowAverage,BelowAverage
203,6752,1.5084423282851462,78444.0,0.16023748000492186,0.03,0.4633221856296583,0.26328774854425,9.399999999999999,7.16177574668101,0.8095220495057871,0.15657550162708259,0.09525863250831716,81.5,,BRIDGEWATER,20,196746.1,297,976,0.304,BelowAverage,BelowAverage
204,6753,,,,,,,,,,,,,,CORNWALL,35,73478.8,153,339,0.451,BelowAverage,BelowAverage
205,6754,1.1392344253627795,78444.0,0.2492738423565587,0.0436842105263158,0.7553655479073104,0.2739769372368947,11.089473684210528,6.360209857949495,0.638201802554879,0.20310883502411542,0.23802125524574422,81.28750000000001,,CORNWALL BRIDGE,24,195402.2,227,959,0.237,BelowAverage,BelowAverage
206,6755,1.341547792055479,78444.0,0.1831333884905313,0.03,0.4633221856296582,0.14229957582842498,9.487499999999999,10.142849088599464,0.7288020495996546,0.2675824774318871,0.1473667193726465,79.4,,GAYLORDSVILLE,52,78102.6,96,507,0.189,BelowAverage,BelowAverage
207,6756,1.1502461512787348,78444.0,0.23363458776082127,0.044545454545454534,0.7686773472049329,0.23369807725818184,10.990909090909092,6.729141064182527,0.6635110076860521,0.24026566399701602,0.3054517869072031,83.66666666666667,,GOSHEN,24,224760.0,217,1931,0.112,BelowAverage,BelowAverage
208,6757,1.0054943654071695,78444.0,0.3912663755458515,0.04,0.698420628689703,0.2668503396444,11.6,7.000346315769745,0.429100841992622,0.28286865789509513,0.19078940152816873,81.6,,KENT,28,293857.7,316,1750,0.181,BelowAverage,BelowAverage
209,6758,,,,,,,,,,,,,,LAKESIDE,32,22616.0,37,127,0.291,BelowAverage,BelowAverage
210,6759,1.2116408462782948,78444.0,0.22986224486725748,0.04227272727272729,0.733548987947318,0.2421555512988636,10.85,7.0476615527736435,0.5742779872732562,0.2308683179138354,0.2779619694366249,82.36923076923075,,LITCHFIELD,25,355087.7,469,3302,0.142,BelowAverage,BelowAverage
211,6762,1.470039136199072,69905.0,0.21558676592133288,0.0325,0.5220967963946694,0.25667576099825,10.3,12.802510824956284,0.7824459322463462,0.2700707565366967,0.09806168427594775,82.2,,MIDDLEBURY,32,461170.8,452,3586,0.126,BelowAverage,BelowAverage
212,6763,1.2518484523991638,78444.0,0.2438238453276047,0.04,0.698420628689703,0.1413270694698,10.4,7.5070096865829345,0.6696112941529855,0.2173764256829435,0.3660233795196139,78.6,,MORRIS,33,175538.6,174,1280,0.136,BelowAverage,BelowAverage
213,6770,1.0293304777930752,69905.0,0.2656584907491865,0.03733333333333334,0.635727710540358,0.16717117464964665,11.029999999999998,15.400477051745362,0.5085768308152534,0.3966466666364094,0.2920149678889579,80.7423076923077,,NAUGATUCK,16,832895.8,602,14558,0.041,BelowAverage,BelowAverage
214,6776,1.2172529741942315,78444.0,0.241330801621139,0.03423076923076925,0.556592014437636,0.16104495639617308,9.899999999999997,11.095777182515958,0.6109167870699508,0.34129790956276324,0.22552836631616838,80.91666666666664,,NEW MILFORD,32,1688177.5,1265,13498,0.094,BelowAverage,BelowAverage
215,6777,1.4079555691533665,78444.0,0.2379672165185441,0.04,0.698420628689703,0.25190669017088885,10.177777777777779,7.279977253880755,0.6511023709919826,0.24296002464955815,0.16743542248057286,82.6,,NEW PRESTON MARBLE DALE,22,206172.7,267,1218,0.219,BelowAverage,BelowAverage
216,6778,,,,,,,,,,,,,,NORTHFIELD,29,82883.2,83,550,0.151,BelowAverage,BelowAverage
217,6779,0.8720024939621084,78444.0,0.2393086309854976,0.047272727272727265,0.8108313783140706,0.20638397768788186,11.718181818181817,17.013159915951647,0.2928710523329092,0.49203168922412066,0.30158462757949106,80.62727272727273,,OAKVILLE,38,117553.6,93,3806,0.024,BelowAverage,BelowAverage
218,6781,,,,,,,,,,,,,,PEQUABUCK,44,8731.9,25,158,0.158,BelowAverage,BelowAverage
219,6782,1.2323568405486718,78444.0,0.2532213457980329,0.035,0.5808714071596807,0.20633280492699999,10.95,10.143788500550196,0.3907897083532802,0.29973721594132513,0.1325894326033707,79.25,,PLYMOUTH,12,92282.3,164,1499,0.109,BelowAverage,BelowAverage
220,6783,1.4819489062260978,78444.0,0.1511627906976744,0.03,0.4633221856296583,0.24651204752350003,9.2,7.098972045041624,0.84689603221537,0.1323281124479764,0.1096360545461192,,,ROXBURY,25,310962.6,382,1360,0.281,BelowAverage,BelowAverage
221,6784,1.320843531691398,89194.625,0.17037126129430674,0.03,0.4633221856296582,0.174696537285,9.462499999999999,12.918238335995687,0.6218859414453738,0.1657434428796412,0.12690078556282666,80.875,,SHERMAN,35,592307.4,473,1993,0.237,BelowAverage,BelowAverage
222,6785,1.1431339554331754,78444.0,0.3171766198512923,0.03625,0.6102587125421863,0.24064899831075,10.85,7.999210167345342,0.5177858621272282,0.27051525418344047,0.17350273507476324,81.6,,SOUTH KENT,34,81247.5,147,409,0.359,BelowAverage,BelowAverage
223,6786,1.0987371033263647,78444.0,0.26085678969957843,0.034444444444444444,0.5678103825452337,0.18459945959142224,10.811111111111112,11.513394139645767,0.39589688953970437,0.3292586927766406,0.20506104347684792,78.76666666666665,,TERRYVILLE,24,239224.9,170,4162,0.041,BelowAverage,BelowAverage
224,6787,0.9251929189400506,78444.0,0.23176127033885652,0.04499999999999999,0.7757030190564557,0.17712467863683334,11.5,11.340196397829843,0.36671774630083326,0.42147870117806535,0.21389564215990933,80.0,,THOMASTON,21,178017.1,213,3883,0.055,BelowAverage,BelowAverage
225,6790,0.794493169932974,78444.0,0.3205223501129431,0.046666666666666676,0.7886640655358093,0.20884055833677778,12.572222222222221,14.207431844148639,0.22431977259002686,0.5074348322261707,0.39037321216035625,77.72777777777779,,TORRINGTON,23,777667.9,415,18731,0.022,BelowAverage,BelowAverage
226,6791,1.2664774304670283,78444.0,0.1843981005745018,0.03222222222222223,0.515566284087446,0.20890252017477776,10.68888888888889,8.924923110422842,0.555518008504407,0.3114195331611696,0.17017151277332973,82.9,,HARWINTON,31,464165.0,361,2583,0.14,BelowAverage,BelowAverage
227,6793,1.4051315952417378,78444.0,0.2393070924139959,0.03857142857142857,0.6648351368239824,0.21547818617835718,10.22857142857143,7.824008101740312,0.7743965317252467,0.21700157099870251,0.2875807563547482,81.26666666666668,,WASHINGTON,25,216302.3,410,939,0.437,BelowAverage,BelowAverage
228,6794,1.4355697482705285,78444.0,0.24818627510417549,0.03833333333333332,0.6592375548463624,0.24181204035054996,10.26666666666667,8.413802478462173,0.7275316099236856,0.21377660934434087,0.23674810197540788,82.60000000000001,,WASHINGTON DEPOT,26,142536.6,215,732,0.294,BelowAverage,BelowAverage
229,6795,0.999535974708072,78444.0,0.21458771722247308,0.038000000000000006,0.6299252967906169,0.20101822111540002,10.8,13.817699227612446,0.4224140250751725,0.39150286157770287,0.2605267246737103,80.17999999999999,,WATERTOWN,23,433964.4,331,6454,0.051,BelowAverage,BelowAverage
230,6796,1.0055257449704442,78444.0,0.23056313774341872,0.04538461538461539,0.7816478183154367,0.2995442490676154,10.94615384615385,6.353128617846839,0.6104132414008228,0.23417508952358473,0.3272865583581044,80.30000000000001,,WEST CORNWALL,38,120411.4,205,511,0.401,BelowAverage,BelowAverage
231,6798,1.0979594785239577,78444.0,0.2556408144702764,0.04,0.698420628689703,0.199157046254,10.155555555555555,9.342117092714037,0.5552056378983247,0.3148123774266931,0.2193736620399143,83.76666666666665,,WOODBURY,25,964711.1,701,5216,0.134,BelowAverage,BelowAverage
232,6801,1.2962750497169955,95645.0,0.22690244573934934,0.03333333333333335,0.5416883333163398,0.15460573408066666,9.783333333333333,24.360866255643135,0.3985226408718425,0.36905653412486256,0.2772170785654223,80.88,,BETHEL,34,1661387.9,824,9015,0.091,BelowAverage,BelowAverage
233,6804,1.436760908766416,95645.0,0.19428586931808756,0.030000000000000006,0.46332218562965816,0.19249354041436365,9.990909090909092,22.288588702714467,0.4202539033999708,0.257996883230053,0.14220685449161297,81.61818181818182,,BROOKFIELD,46,2109661.3,1329,8487,0.157,BelowAverage,BelowAverage
234,6807,2.4745774055377083,95645.0,0.18354423046431914,0.02,0.19971552963487865,0.18760278888106247,8.91875,30.04392658047403,0.7583502588399837,0.23842221206083514,0.1253471682722187,84.41875000000003,,COS COB,44,480630.4,349,3222,0.108,BelowAverage,BelowAverage
235,6810,0.9658183184681179,95645.0,0.35309577134790915,0.041739130434782626,0.6805132258549298,0.1396184508951435,11.969565217391303,32.23012543272847,0.22095613157629462,0.7133335135611926,0.42356771930270737,80.2695652173913,,DANBURY,44,2768257.4,1143,24688,0.046,BelowAverage,BelowAverage
236,6811,1.253562413951354,95645.0,0.1969459128557948,0.033,0.5338517185476719,0.182593365967305,10.184999999999997,22.978868310681214,0.3304344663156017,0.39341201726477654,0.2346752412898036,83.04210526315788,,DANBURY,46,2918386.3,1231,12852,0.096,BelowAverage,BelowAverage
237,6812,1.4838043120512145,95645.0,0.17645688374176194,0.03272727272727272,0.5274399428278523,0.17871716041190913,9.690909090909093,18.49711458686543,0.471522695059064,0.1617630008792476,0.17115394522123215,82.91818181818182,,NEW FAIRFIELD,53,2135054.7,1214,6095,0.199,BelowAverage,BelowAverage
238,6820,2.7866166582894443,95645.0,0.12005726244611059,0.019999999999999997,0.19971552963487868,0.11779536987697858,7.764285714285713,24.393275554650295,0.9062503771467191,0.12105540250439102,0.0734915470227867,83.38571428571429,,DARIEN,37,1298174.4,1226,8106,0.151,BelowAverage,BelowAverage
239,6824,,,,,,,,,,,,,137560.0,FAIRFIELD,23,5033.1,18,30,0.6,BelowAverage,BelowAverage
240,6829,,,,,,,,,,,,,,GEORGETOWN,37,48119.5,106,215,0.493,BelowAverage,BelowAverage
241,6830,2.0670596124932983,95645.0,0.2363173458882915,0.02090909090909092,0.2327410652298239,0.17157146535834242,9.578787878787882,29.817592784379464,0.553636887019501,0.3060034886588332,0.2724767600695287,84.34545454545454,,GREENWICH,49,1768992.8,1474,12789,0.115,BelowAverage,BelowAverage
242,6831,2.5129227765758286,95645.0,0.1596298830166081,0.020000000000000004,0.19971552963487862,0.21664234455249043,8.842857142857145,23.675949078626495,0.7956887771864116,0.2357704020732256,0.11442888218059127,83.58571428571429,,GREENWICH,48,1532584.3,1206,6295,0.192,BelowAverage,BelowAverage
243,6840,2.4341522979086085,95645.0,0.14326829433338714,0.019999999999999997,0.19971552963487868,0.16782266811224283,8.42142857142857,23.946498303727275,0.8356823707208095,0.20021901913402504,0.1208213319510526,85.375,,NEW CANAAN,40,2262328.2,1708,8544,0.2,BelowAverage,BelowAverage
244,6850,1.3497698336085129,95645.0,0.2848765552740852,0.025172413793103462,0.33606379997700603,0.15840406192306905,10.034482758620692,30.309601098550182,0.4572517921434089,0.4690381658984198,0.2504720373608391,82.02413793103449,,NORWALK,37,1049953.7,753,10295,0.073,BelowAverage,BelowAverage
245,6851,1.2945200822667553,95645.0,0.23847930546396914,0.026296296296296307,0.365690090816777,0.16733403393438145,9.848148148148145,31.47557541008569,0.41184960598194065,0.41945835856870517,0.22917995317732084,82.7851851851852,,NORWALK,32,1854990.8,798,13115,0.061,BelowAverage,BelowAverage
246,6853,2.142316670349407,95645.0,0.24054175843649522,0.02444444444444444,0.3168740434103362,0.1755401789086667,9.322222222222221,27.91534500273915,0.82791143485013,0.054300132577104206,0.15242335799038895,85.83333333333334,,NORWALK,78,387663.0,187,1702,0.11,BelowAverage,BelowAverage
247,6854,1.290737341288053,95645.0,0.32750611689770504,0.028000000000000018,0.4058494856082468,0.13164728109719032,10.983333333333336,30.89525695397638,0.4152847005153332,0.5273443681457916,0.4229945070010601,83.02799999999999,,NORWALK,46,721137.5,371,6343,0.058,BelowAverage,BelowAverage
248,6855,0.9993992529702719,95645.0,0.3071493072268787,0.02,0.1997155296348787,0.1497842403392125,11.100000000000001,29.95381947371084,0.33732065416349866,0.46088108680951106,0.4169121074470807,82.2,,NORWALK,61,31340.4,28,298,0.094,BelowAverage,BelowAverage
249,6870,2.5623038554429107,95645.0,0.14693389386024802,0.019999999999999997,0.19971552963487874,0.13669041526828185,8.399999999999999,28.624109507789797,0.816757376928873,0.10137321071452585,0.06911968273382006,84.67272727272727,,OLD GREENWICH,49,450438.8,308,3013,0.102,BelowAverage,BelowAverage
250,6875,,,,,,,,,,,,,,REDDING CENTER,39,18175.5,146,49,2.98,BelowAverage,BelowAverage
251,6876,,,,,,,,,,,,,,REDDING RIDGE,32,32447.4,102,94,1.085,BelowAverage,BelowAverage
252,6877,2.049037604945604,95645.0,0.16208057616860216,0.02294117647058824,0.27724689904510785,0.19561906835871176,8.535294117647057,18.440570558419868,0.7716054290827309,0.09873357466145488,0.09265544590226683,83.30625000000002,,RIDGEFIELD,46,2976628.5,1959,10994,0.178,BelowAverage,BelowAverage
253,6878,2.647126612615369,95645.0,0.14316731655441325,0.019999999999999997,0.1997155296348787,0.13389008392261997,8.45,30.813129884857858,0.7835396074455803,0.18818197909527848,0.1067625123386831,84.2,,RIVERSIDE,33,368095.8,295,2971,0.099,BelowAverage,BelowAverage
254,6880,2.552768743362754,95645.0,0.15738902740727068,0.02086956521739131,0.22263784754746813,0.1670027425697391,8.547826086956524,22.046682797785902,0.8827691276718095,0.09873750384546391,0.08983554780574102,85.26956521739132,,WESTPORT,39,3293266.0,2226,12624,0.176,BelowAverage,BelowAverage
255,6883,2.901539102204545,95645.0,0.13599530903878726,0.02,0.1997155296348787,0.12241391514133333,7.999999999999999,16.84125921868505,0.934558227654029,0.10068207364912801,0.11110070193397427,86.5,,WESTON,36,1358975.6,1387,3881,0.357,BelowAverage,BelowAverage
256,6896,1.7553527215451648,95645.0,0.17431004053451252,0.030000000000000002,0.4633221856296582,0.20301332327548888,9.500000000000002,14.58314904579149,0.7838322397754687,0.09315344400420165,0.14474316244003294,84.43333333333334,,REDDING,33,1280099.1,1000,3491,0.286,BelowAverage,BelowAverage
257,6897,2.1878351239296623,95645.0,0.14666006084097544,0.02230769230769231,0.2605478348644432,0.2075758281213923,8.684615384615384,18.75145867273955,0.8206631892320833,0.14246512883122014,0.12520125060111528,82.74545454545454,,WILTON,45,2027965.2,2008,7526,0.267,BelowAverage,BelowAverage
258,6901,1.1153051858650758,95645.0,0.3068792918403981,0.019999999999999997,0.19971552963487874,0.1459562883589273,8.618181818181817,48.07221425651117,0.08817028953043143,0.3980833969079034,0.4735353941565324,81.12727272727271,,STAMFORD,15,68668.9,126,7065,0.018,BelowAverage,BelowAverage
259,6902,1.3129515562057017,95645.0,0.34028819293194845,0.025156250000000015,0.33162874418824,0.1338876325166031,10.123437500000005,36.43703842068656,0.3506918789155279,0.4937628144104607,0.34436857645870655,81.51875000000004,,STAMFORD,44,1320958.7,788,30931,0.025,BelowAverage,BelowAverage
260,6903,2.461202046470518,95645.0,0.14803930809424115,0.02,0.19971552963487865,0.20585825123586668,8.4,23.650914653842694,0.8545607151461672,0.18666488148998714,0.05709078224204531,85.20000000000002,,STAMFORD,46,1504628.2,1480,5472,0.27,BelowAverage,BelowAverage
261,6905,1.6312525040611316,95645.0,0.23047913703866968,0.02057142857142858,0.21477876712029453,0.1442974010705543,8.579999999999998,36.601474354749804,0.5184926602219836,0.2603491079411617,0.16750578416574832,82.61999999999996,,STAMFORD,32,579299.8,485,9598,0.051,BelowAverage,BelowAverage
262,6906,1.2242873897302538,95645.0,0.3910754242465326,0.0225,0.26561719363357356,0.14088343279083126,10.331249999999997,37.1366245702115,0.29453314935278274,0.47265148094021314,0.3759999474463495,81.26875,,STAMFORD,29,247825.0,156,4346,0.036,BelowAverage,BelowAverage
263,6907,1.5219466540886915,95645.0,0.2833701820560525,0.023333333333333334,0.28758441496647186,0.12792175900406666,9.700000000000001,33.644109925981674,0.5742715872077198,0.2707456819147987,0.19100966987167767,81.69999999999997,,STAMFORD,32,246211.5,194,4279,0.045,BelowAverage,BelowAverage
